datetime_utc,plant_id_wri,estimated_generation_gwh,primary_fuel,gross_load_mw,so2_lbs,nox_lbs,operational_time,co2_lbs,pred_gross_load_mw,pred_so2_lbs,pred_nox_lbs,pred_co2_lbs,endo_gross_load_mw_factor_mwh,exo_so2_lbs_factor_mwh,endo_so2_lbs_factor_mwh,exo_nox_lbs_factor_mwh,endo_nox_lbs_factor_mwh,exo_co2_lbs_factor_mwh,endo_co2_lbs_factor_mwh
2019-07-28,USA0000087,1106.7589940000003,Coal,31519,31934.0,97403.97,7.0,64215200.0,31449.494910737943,31545.911326230547,99202.54834585119,99868430.4635331,1.0,1.482154107494868,1.0030657540213685,4.66093570682495,3.154344724054058,4692.22153355613,3175.51778643779
2019-09-15,USA0000087,1106.7589940000003,Coal,32708,48492.9,113960.85,7.0,65576200.0,32561.308428118034,47882.84254117341,103425.13345349338,65771307.05653734,1.0,2.2497290066214877,1.4705441781272095,4.859329780681823,3.176319946780195,3090.201195997636,2019.9221171266292
2019-12-15,USA0002079,3253.038991,Coal,80426,55293.8,45098.1,7.0,154044000.0,63032.273788404025,55231.32751795167,44382.723069649306,135360094.0682064,1.0,0.8828756860521402,0.8762388566746027,0.7094601712450744,0.7041269559565586,2163.7382493786204,2147.472809288191
2019-01-27,USA0006146,12594.663938000003,Coal,278074,2267742.8,411966.6,7.0,558574200.0,278392.4120574195,1833795.1848387842,357380.0378535715,550628242.7698052,1.0,7.571250021519769,6.587087526151959,1.4755266245981922,1.2837276533954545,2273.396794466328,1977.885240120108
2019-09-08,USA0006146,12594.663938000003,Coal,298446,1866286.2,384022.0,7.0,634417400.0,288274.7028255416,1721211.4387687957,370639.118522022,612403377.0870229,1.0,7.10642183519747,5.970733546503524,1.5302698236349828,1.2857150311462666,2528.4498074175754,2124.3743245054625
2019-05-05,USA0006146,12594.663938000003,Coal,82735,408944.2,93221.8,6.0,148314800.0,154919.1266198886,1432026.3079763188,344239.7274527257,393305446.5426166,1.0,5.912453748773345,9.243702435077338,1.4212737962410675,2.222060858226734,1623.853031799415,2538.7791367274845
2019-11-17,USA0000087,1106.7589940000003,Coal,23890,33866.7,90088.97,5.0,50050800.0,38475.49441029004,33504.127010238335,101056.55808086235,70061745.554389,1.0,1.574158975872206,0.8707913315670833,4.748044559559134,2.6265174659805117,3291.7832957120086,1820.9446461499247
2019-01-27,USA0006065,10886.599106,Coal,224324,14934.4,107402.8,7.0,395193600.0,201213.63996174486,14941.898303584943,78465.09613695464,313370600.19173974,1.0,0.07137019598326129,0.07425887383392958,0.3747896803578359,0.3899591307620725,1496.8192592845228,1557.4023721817189
2019-03-03,USA0056238,4.437,Gas,6061,24.497,3554.572,3.0,4851000.0,16147.813351287723,2792.2485286148185,13340.081020068605,40915731.6808733,1.0,32.724120686944005,0.17291805818353406,156.34081880630322,0.8261230626005959,479517.2520634238,2533.824908101903
2019-09-29,USA0000117,2725.1920000000005,Gas,13403,61.07,1312.086,3.0,12097000.0,31891.230849810254,-320.8035695167304,6415.876443975604,40166005.1654753,1.0,-0.006121324888253738,-0.0100593034814973,0.12242277794985872,0.2011799567784251,766.4165565599471,1259.4686406001254
2019-07-28,USA0006664,3520.888045,Coal,84071,202707.03,131426.5,6.94375,172596660.0,98424.11513942828,221069.50999595656,135764.8534227531,198653591.42155975,1.0,3.264975873377917,2.246090906509934,2.0051112923084045,1.3793860704810774,2933.915143536212,2018.3426707991807
2019-03-24,USA0006065,10886.599106,Coal,192049,18072.7,89686.1,7.0,344612000.0,196805.1283640229,18353.188993051674,89998.33874996805,351806696.99774367,1.0,0.08766427589978044,0.09325564402521301,0.42987838253537497,0.4572967152741141,1680.4098383488938,1787.589073121206
2019-10-13,USA0002079,3253.038991,Coal,2898,15.046,366.345,0.98541665,2980120.0,29193.486639637358,29810.15995358792,33210.646088659,90714827.86838068,1.0,0.4765169805450303,1.021123660957759,0.5308739309267837,1.1376046478657795,1450.0813123379485,3107.365317070861
2019-07-21,USA0002079,3253.038991,Coal,79255,58218.902,43032.4,7.0,146896200.0,78657.72064621629,57917.48492997726,42732.34189083351,134253855.1487866,1.0,0.9258140540863925,0.7363229502985006,0.6830787409776062,0.5432695168352693,2146.0549618530235,1706.8109022969088
2019-07-28,USA0000117,2725.1920000000005,Gas,46105,209.33,6002.523,7.0,41462600.0,46348.06414394858,164.85039529108678,6415.876443975604,36254787.799863875,1.0,0.00314554737983104,0.0035567913857004196,0.12242277794985872,0.13842814284646432,691.785740451653,782.2287396354498
2019-06-30,USA0000117,2725.1920000000005,Gas,49748,219.089,4628.903,7.0,43398800.0,44256.671222742705,450.1357381599126,6415.876443975604,36254787.799863875,1.0,0.008589141016234985,0.010171025649317158,0.12242277794985872,0.14496970211981514,691.785740451653,819.1937350505746
2019-06-23,USA0002079,3253.038991,Coal,45615,36421.1,27408.0,5.0,88995800.0,57827.37104384097,42329.724284509335,34247.225862652114,119881906.23019189,1.0,0.676642877286215,0.7320015335370802,0.5474437133354083,0.592232108160132,1916.3185996899656,2073.0997115415325
2019-12-15,USA0000117,2725.1920000000005,Gas,43428,196.031,5205.583,6.0,38829200.0,43450.431455492086,234.6723558535303,6415.876443975604,39203980.99202089,1.0,0.004477835875191022,0.005400921187489566,0.12242277794985872,0.14765967170078917,748.0599574580749,902.2690840752412
2020-01-05,USA0006146,12594.663938000003,Coal,59239,306273.2,98505.8,2.0,126933200.0,84486.92640060748,1566192.6372483887,351168.16434934153,550628242.7698052,1.0,6.46639065066225,18.537692208402166,1.4498794597504374,4.156479343137953,2273.396794466328,6517.318906346746
2019-06-02,USA0006664,3520.888045,Coal,103070,297069.9,165730.1,7.0,200816200.0,83245.40007564572,219035.75014690083,125014.02474804745,185717953.8689822,1.0,3.2349392715890355,2.6312054473623934,1.8463322899829573,1.5017529453212581,2742.868696123814,2230.9695634860173
2019-02-03,USA0002079,3253.038991,Coal,58194,66107.4,34563.9,5.0,114257400.0,58189.334123957065,63895.20130797968,41715.55627426598,147265410.68309653,1.0,1.02136816595413,1.0980569252067358,0.6668253692203688,0.716893514976507,2354.045363952731,2530.797317071653
2019-08-18,USA0000117,2725.1920000000005,Gas,36617,164.397,4633.974,6.0,32565000.0,36588.96391977403,181.9353258154638,6415.876443975604,39551209.40727675,1.0,0.0034715487724916692,0.004972409883329307,0.12242277794985872,0.17535004429322545,754.6855007567873,1080.960081132601
2019-02-03,USA0006146,12594.663938000003,Coal,257880,2145449.8,380515.5,7.0,528625180.0,257827.0947831616,1765191.818920525,368781.4937414403,540456056.753705,1.0,7.288005065932969,6.846417054829288,1.5226001875838928,1.430344215962228,2231.3985581147194,2096.1957361705554
2019-04-21,USA0006146,12594.663938000003,Coal,164738,1090722.8,237101.5,7.0,320294200.0,165409.64107648953,1276468.0898704918,350451.6009569557,458897044.8764619,1.0,5.270195457379226,7.717011424262878,1.4469209610888223,2.1186890841199406,1894.6632042780286,2774.3065149646054
2019-09-01,USA0000117,2725.1920000000005,Gas,51860,236.171,6407.235,7.0,46780200.0,46705.32628766568,39.94018069583598,6415.876443975604,41984581.84808866,1.0,0.0007621075491867988,0.0008551525890181759,0.12242277794985872,0.13736926714651732,801.1172262727214,898.9249232410626
2019-04-07,USA0006146,12594.663938000003,Coal,258154,2052643.2,412577.3,7.0,525746800.0,188142.38755054705,1351924.833482794,344239.7274527257,475748893.37505347,1.0,5.581736177096341,7.18564727004743,1.4212737962410675,1.82967661851448,1964.2399810972054,2528.6640590081647
2019-12-22,USA0000087,1106.7589940000003,Coal,28385,34954.7,90063.54,6.0,58501000.0,28398.918934713965,34765.24118479137,96759.9477813626,57965703.67049449,1.0,1.6334112046160167,1.2241748097775442,4.5461724837185775,3.40717011108075,2723.462476660671,2041.1236006466077
2019-06-23,USA0006664,3520.888045,Coal,95519,225408.4,164337.2,7.0,190775200.0,96661.26535985933,229396.57770545795,125014.02474804745,185717953.8689822,1.0,3.3879583469356844,2.37320064920979,1.8463322899829573,1.2933207969359173,2742.868696123814,1921.327567744686
2019-10-27,USA0006146,12594.663938000003,Coal,191706,1123956.8,289109.5,7.0,417830200.0,207091.04429184654,1242018.5685950376,344239.7274527257,433691403.22374415,1.0,5.127962594704838,5.997451859119035,1.4212737962410675,1.6622627435670279,1790.5958490557298,2094.2064622193766
2019-12-22,USA0002079,3253.038991,Coal,86236,70142.2,51128.5,7.0,167652200.0,73678.56019194871,67441.87772732675,30303.37780128363,128624362.96811779,1.0,1.0780619757474623,0.9153528183996261,0.48440109387755836,0.41129166642693243,2056.0672321625193,1745.7502241225031
2019-06-02,USA0000117,2725.1920000000005,Gas,6715,30.993,898.176,1.9929167,6139818.0,28012.48538183047,4.9757219763835625,6415.876443975604,36254787.799863875,1.0,9.494286742803634e-05,0.0001776251520906077,0.12242277794985872,0.22903631564720375,691.785740451653,1294.2367414274333
2019-09-15,USA0002079,3253.038991,Coal,73113,59661.2,40214.3,7.0,135248600.0,71913.5100453804,59039.44454697982,40441.48517724261,133321402.13763468,1.0,0.9437486377927496,0.8209784852626925,0.6464592754758702,0.562362832126013,2131.1496512452973,1853.9131528068
2019-12-22,USA0006664,3520.888045,Coal,57547,168373.6,86722.6,4.0,115130200.0,57587.24177991614,209383.8672011644,118305.21187299541,110292351.8905788,1.0,3.0923906001278576,3.635941933134713,1.747249824126618,2.054364963773191,1628.9078848884837,1915.221991566956
2019-12-29,USA0006065,10886.599106,Coal,159626,53614.54,75440.05,6.9852085,284980130.0,141656.7317424729,32686.890766858018,66454.80145586519,235827910.0525827,1.0,0.1561294122550945,0.23074717568863345,0.31742233199351083,0.4691256154114705,1126.4354646783759,1664.7843498275097
2019-07-28,USA0006065,10886.599106,Coal,187252,6759.6,98817.04,6.992708,342215360.0,188702.88431694024,6732.870886440211,89445.21367931193,374018940.56550974,1.0,0.03215965635236196,0.03567974549414869,0.42723637253812374,0.4740002464884542,1786.5069449179466,1982.0520598790513
2019-07-21,USA0000117,2725.1920000000005,Gas,74386,329.553,8273.127,7.0,65281600.0,47392.83203411605,677.5005010591058,6415.876443975604,36254787.799863875,1.0,0.012927539070668598,0.014295421311210152,0.12242277794985872,0.13537651515227223,691.785740451653,764.9846241255559
2019-05-26,USA0006065,10886.599106,Coal,143315,2823.9,81167.4,7.0,255880400.0,132772.5057852238,2658.3967143111336,63736.39969043231,197501865.46387756,1.0,0.012697870822485944,0.020022192837208512,0.3044378461659209,0.4800421541605454,943.3705516409997,1487.5208108474026
2019-12-29,USA0002079,3253.038991,Coal,37204,25903.5,22009.8,4.0,70951800.0,37154.061067076866,25572.8033831499,33784.64879550556,100487182.09140734,1.0,0.4087826120753051,0.6882909337146619,0.5400493944974941,0.9093124096047465,1606.2929104784228,2704.608304055664
2019-11-10,USA0002079,3253.038991,Coal,82344,70034.2,48782.8,7.0,157496200.0,77547.5976682916,69862.59685972988,44749.22352964102,115746331.2093993,1.0,1.1167572988693864,0.9008995631117528,0.7153187004457068,0.5770549298129775,1850.2112146644,1492.5843570873992
2019-08-25,USA0006146,12594.663938000003,Coal,280902,1789201.4,380383.3,7.0,604169000.0,280864.11906303704,1729145.532756774,370167.48128859425,593336090.7541564,1.0,7.139179587957357,6.156519880592811,1.528322559598485,1.3179593125795965,2449.7260801160824,2112.537880358396
2019-03-17,USA0006065,10886.599106,Coal,206664,20135.3,101392.7,7.0,370368800.0,205374.37305992524,20094.931017258004,90608.08876049312,351806696.99774367,1.0,0.09598373217596613,0.09784536754931247,0.4327908623868493,0.44118498043597193,1680.4098383488938,1713.0019279235564
2019-06-09,USA0006664,3520.888045,Coal,69373,203935.5,118205.3,5.0,136797400.0,70482.1633857069,194008.14588083874,124343.39922655352,137288891.7860732,1.0,2.865306552456318,2.7525850025225207,1.8364278208058682,1.7641825002745186,2027.6198168282874,1947.8529771393776
2019-11-03,USA0006146,12594.663938000003,Coal,273564,1572530.0,377311.7,7.0,578127600.0,273884.2457260406,1467722.409048875,352211.97375125386,485527324.3654968,1.0,6.059833406135421,5.358915059747541,1.4541890696905386,1.2859884394503014,2004.612508225055,1772.7464501596683
2019-09-08,USA0006065,10886.599106,Coal,103709,7079.6,47929.2,5.0,184159400.0,132371.5756072435,8170.051116858014,84767.12334754047,322356394.44135606,1.0,0.039024368762001216,0.06172058524935275,0.4048914055853087,0.6403725494591903,1539.7400370619027,2435.2387811550416
2019-10-13,USA0000117,2725.1920000000005,Gas,53235,238.89,7111.061,7.0,47316600.0,52716.544877999164,3.11283469358963,6415.876443975604,35028779.71585461,1.0,5.9396697211301346e-05,5.904853401894226e-05,0.12242277794985872,0.12170517735606037,668.3920051227361,664.4741190250804
2019-08-18,USA0006664,3520.888045,Coal,83889,221978.2,134631.4,6.0,167500200.0,83481.85254733395,226187.35542015996,134627.64284441643,192533824.71701425,1.0,3.340561338935819,2.7094194548679,1.9883158278353197,1.6126575864866317,2843.5323013188117,2306.295546182904
2019-11-03,USA0006664,3520.888045,Coal,108061,326135.5,168116.2,7.0,208910400.0,108061.2178165143,245492.41604888331,124704.73986447135,145204307.893546,1.0,3.625677803834269,2.2717902038243207,1.8417644611453445,1.1540193825708813,2144.522607353848,1343.722667831672
2019-07-14,USA0000117,2725.1920000000005,Gas,43565,195.365,4978.411,6.96875,38700148.0,45662.39501480473,2225.1700795522365,6415.876443975604,33697612.85618488,1.0,0.04245896954662875,0.04873091038765681,0.12242277794985872,0.1405067877384758,642.9917116010957,737.9729610165955
2019-06-09,USA0006065,10886.599106,Coal,205618,3461.3,100527.9,7.0,366935400.0,152260.98627321894,3331.852079742433,65534.00038614572,227321445.8780058,1.0,0.015914640234259998,0.021882506880414643,0.3130241122042818,0.4304057263135727,1085.8042140213906,1492.9723722536348
2019-01-20,USA0000117,2725.1920000000005,Gas,36946,170.357,4024.333,6.9808335,33746510.0,37216.34702027892,102.97066942295793,6415.876443975604,32808466.72972091,1.0,0.0019648064466627714,0.0027668129106505255,0.12242277794985872,0.17239404072838313,626.0257148654066,881.560640861496
2019-02-10,USA0056238,4.437,Gas,2090,8.192,1186.183,1.0,1622600.0,14882.445498884676,-1065.158581739444,13340.081020068605,40915731.6808733,1.0,-12.483264875017147,-0.07157147538818599,156.34081880630322,0.8963635056529077,479517.2520634238,2749.2613148786345
2019-11-24,USA0006065,10886.599106,Coal,142269,47598.6,65463.0,7.0,253483200.0,151545.22986693546,25736.9429847336,70346.60268389033,259733431.66468963,1.0,0.12293288493268296,0.16983010951471034,0.3360115775317039,0.46419542697357274,1240.620538614317,1713.9004104104695
2019-10-06,USA0000087,1106.7589940000003,Coal,28416,38260.9,97796.195,7.0,58269800.0,27477.17478962766,34260.097661840526,99296.1852865642,58460067.990795955,1.0,1.6096775251647126,1.2468566337021427,4.665335147844606,3.6137698306613184,2746.689705709669,2127.5865673374833
2019-09-22,USA0000087,1106.7589940000003,Coal,25635,33926.5,85824.51,6.0,50601200.0,25602.181872828998,33916.48192117239,103425.13345349338,59478269.83034741,1.0,1.5935330722064716,1.324749667416712,4.859329780681823,4.039699974292272,2794.52893353046,2323.1719126825797
2019-10-06,USA0000117,2725.1920000000005,Gas,31639,139.133,3141.468,4.0,27558600.0,31991.622065952946,-177.64046041620395,6415.876443975604,36896150.04986578,1.0,-0.003389597482174689,-0.005552718147582071,0.12242277794985872,0.20054864460291605,704.023717445604,1153.3066367751474
2019-01-13,USA0002079,3253.038991,Coal,76099,74783.7,47372.6,7.0,147623800.0,76095.79851306445,74639.25590027061,47831.345632959565,159549040.84743476,1.0,1.193112445793636,0.9808590928637962,0.764586584973367,0.6285674973861753,2550.3998405860507,2096.6865972244536
2019-08-25,USA0002079,3253.038991,Coal,63676,59624.875,32077.8,6.0,115899600.0,62828.86428201443,55948.38619598552,40503.185052914254,141620051.17222705,1.0,0.8943379068742454,0.8904885809308105,0.6474455512456356,0.6446588763901755,2263.8039941513284,2254.0603397914297
2019-11-17,USA0000117,2725.1920000000005,Gas,21758,99.878,2799.677,4.0,19783800.0,22988.23333602343,4721.4693602081825,6415.876443975604,42018723.15049204,1.0,0.09009141621244501,0.2053863509732808,0.12242277794985872,0.27909393254338005,801.7686841241226,1827.8361166904947
2019-01-13,USA0006146,12594.663938000003,Coal,260858,2143524.5,414608.0,7.0,567340200.0,249010.45213809944,1829389.8539691186,357380.0378535715,550628242.7698052,1.0,7.553061588199888,7.346638818817741,1.4755266245981922,1.4352009515462871,2273.396794466328,2211.265583600606
2019-01-06,USA0000087,1106.7589940000003,Coal,30114,35836.6,110870.7,6.0,63417000.0,30416.544566711033,53345.44046117208,105975.80115274944,81366916.11000738,1.0,2.506383882145301,1.7538297403957996,4.979170433507197,3.484149914541351,3822.9457909608664,2675.0874324843026
2019-05-19,USA0002079,3253.038991,Coal,8945,20927.9,5711.8,1.0,17170600.0,34154.86586823368,24919.374216198237,31778.99964544476,96421937.5395021,1.0,0.39833751234686887,0.7295995338507515,0.5079889869549761,0.9304384261980476,1541.3097617107871,2823.080550557248
2019-01-27,USA0000087,1106.7589940000003,Coal,28253,26249.8,89793.55,7.0,59107200.0,28227.27899530094,29367.731318762195,105975.80115274944,48418373.216637194,1.0,1.3798144283032896,1.0404024887999692,4.979170433507197,3.7543753746293245,2274.8903970191127,1715.304306330678
2019-03-24,USA0000117,2725.1920000000005,Gas,28905,128.664,3005.738,5.0,25484800.0,35603.801090787696,-63.00143477359569,6415.876443975604,27929552.242001254,1.0,-0.001202144512469938,-0.0017695142890205898,0.12242277794985872,0.18020200785909007,532.9300528491442,784.4542264120188
2019-08-11,USA0000087,1106.7589940000003,Coal,29257,41073.9,104261.88,7.0,59089200.0,29298.891150472176,41504.12144540972,99758.43182524682,57280701.70485207,1.0,1.9500309704836292,1.4165765261304384,4.687053354013976,3.4048534913117057,2691.278322380913,1955.0467425771142
2019-12-01,USA0000117,2725.1920000000005,Gas,61453,276.946,8151.122,7.0,54856400.0,61660.24566071378,-42.15132005121835,6415.876443975604,43858831.6288266,1.0,-0.0008042987953374859,-0.0006836060998387271,0.12242277794985872,0.10405207399398049,836.8802068621158,711.2983602134889
2019-03-03,USA0000087,1106.7589940000003,Coal,26486,24709.9,90427.52,6.0,56330800.0,26490.101340197405,24727.374272001576,103425.13345349338,61038075.129399404,1.0,1.1617917442865449,0.9334571413843186,4.859329780681823,3.904293612367232,2867.814875628441,2304.1842817255356
2019-09-22,USA0006664,3520.888045,Coal,93446,282711.3,155312.4,7.0,189414200.0,89477.98235203391,257913.55255968578,130721.76684080681,178747210.4733838,1.0,3.809125584708463,2.88242476841928,1.9306299401865687,1.4609378017321308,2639.917778077479,1997.6669765544923
2019-09-08,USA0000087,1106.7589940000003,Coal,30629,47510.3,105606.54,6.0,60681600.0,30501.367167281867,41443.120756732795,103425.13345349338,59414779.60716703,1.0,1.9471649121742802,1.3587299392004926,4.859329780681823,3.3908359873269944,2791.545906852314,1947.938244253521
2019-03-31,USA0000117,2725.1920000000005,Gas,21569,98.332,2494.052,4.0,19477000.0,21942.165782461707,92.41421117166661,6415.876443975604,33487877.79463977,1.0,0.0017633762982302396,0.00421171784444054,0.12242277794985872,0.2923994152438585,638.989709833754,1526.1883501676261
2019-11-03,USA0000117,2725.1920000000005,Gas,18632,82.861,1745.645,4.0,16414000.0,33325.73596466906,436.37613482164454,6415.876443975604,37340212.692590564,1.0,0.0083265909377121,0.0130942685042058,0.12242277794985872,0.1925201727210923,712.4969763652283,1120.4617576091202
2019-05-05,USA0006664,3520.888045,Coal,3778,15205.0,8246.3,1.0,9709600.0,22187.638171987717,178728.24606113872,121453.85227125757,97030245.6353963,1.0,2.63963769264899,8.055307404768582,1.793752098160052,5.4739423515836485,1433.0398207934522,4373.166935717326
2019-01-06,USA0006664,3520.888045,Coal,66920,221709.25,111544.15,4.9791665,138491000.0,71628.53572357741,225020.70996110613,135880.92166341448,183681772.79126647,1.0,3.323331150672108,3.1414953228903966,2.006825504301871,1.8970221894217447,2712.796335205784,2564.365876472962
2019-09-15,USA0006664,3520.888045,Coal,87351,235270.3,137229.1,7.0,177973000.0,109263.29623545197,235254.4119406712,130721.76684080681,173422131.4085534,1.0,3.4744727081814677,2.153096419805242,1.9306299401865687,1.1963923050528686,2561.2716786184483,1587.1947614947042
2019-04-21,USA0002079,3253.038991,Coal,69066,50983.465,44598.668,6.98,132701464.0,66431.10106203283,46826.426581568594,33210.646088659,132091360.12046927,1.0,0.7485229008869162,0.7048871060836769,0.5308739309267837,0.49992617249633065,2111.487364666636,1988.396368699706
2019-05-26,USA0000117,2725.1920000000005,Gas,8468,38.481,965.302,1.0,7622000.0,11247.576818767357,-376.1897128758951,6415.876443975604,33697612.85618488,1.0,-0.007178160316611286,-0.033446289715327544,0.12242277794985872,0.5704229939794919,642.9917116010957,2995.9886826430106
2019-12-22,USA0006065,10886.599106,Coal,126885,49861.0,59338.5,6.0,223728400.0,135383.01011978008,39449.617578164136,61924.865932415494,235284229.30833727,1.0,0.18843167586964282,0.2913926758111014,0.29578502865150014,0.4574050013929184,1123.8385656444818,1737.915482158135
2019-10-13,USA0006065,10886.599106,Coal,72153,2110.6,31917.9,4.0,130423600.0,123162.7504765761,6706.746658654998,65107.170622677666,164909930.6962198,1.0,0.032034873595910285,0.0544543429949669,0.31098535359066604,0.5286271244410068,787.6946981061571,1338.9594667064816
2019-02-10,USA0000087,1106.7589940000003,Coal,33218,42683.3,122200.055,7.0,71144600.0,33505.11126777659,41844.52472237433,101526.16246621877,65342425.9744626,1.0,1.9660244889443967,1.2488997391457146,4.770108467032141,3.030169386838036,3070.0506335095156,1950.2226228183106
2019-01-20,USA0006065,10886.599106,Coal,193719,13158.7,94345.6,7.0,342850600.0,193796.14003801395,13379.7481592117,78465.09613695464,313370600.19173974,1.0,0.06390856295016477,0.06904032328294674,0.3747896803578359,0.4048847212414209,1496.8192592845228,1617.0115675692546
2019-05-12,USA0006146,12594.663938000003,Coal,109550,937062.6,119975.0,5.0,183490200.0,181571.66449392764,1394421.852413363,350451.6009569557,401490454.29261076,1.0,5.757195005951803,7.6797327176564885,1.4469209610888223,1.9301007232253244,1657.6467403965562,2211.195537649752
2019-07-14,USA0006664,3520.888045,Coal,101456,252653.7,159824.0,7.0,202605800.0,101449.33831828072,249386.63537230846,135764.8534227531,198653591.42155975,1.0,3.6831915339585986,2.458238166028236,2.0051112923084045,1.338252724693118,2933.915143536212,1958.1556145621826
2019-04-28,USA0002079,3253.038991,Coal,73209,55504.574,45406.906,6.97375,141170910.0,52751.72936715863,40832.292914421436,31778.99964544476,132091360.12046927,1.0,0.6527063577855267,0.7740465270858434,0.5079889869549761,0.6024257408559812,2111.487364666636,2504.019521352502
2019-10-20,USA0000117,2725.1920000000005,Gas,58916,261.806,6855.558,6.996111,51858840.0,47950.799648010485,258.79310174315685,6415.876443975604,33646068.100758344,1.0,0.004938089239453277,0.0053970549739079145,0.12242277794985872,0.13380123983483566,642.0081745577683,701.6789781972769
2019-03-31,USA0006664,3520.888045,Coal,67874,211136.2,107310.2,4.0,134256800.0,82290.70515894097,216800.63790963418,131392.3923623007,173831366.16883337,1.0,3.2019288961234147,2.634570180081615,1.9405344093636574,1.596685702334449,2567.3156673118065,2112.4058401624525
2019-01-20,USA0006664,3520.888045,Coal,110533,348909.1,200157.23,5.9979167,226897700.0,92887.01055275563,243063.35477306976,143116.3866021144,183681772.79126647,1.0,3.589802994772482,2.6167636715471723,2.113686095153857,1.540757806182499,2712.796335205784,1977.475340181645
2019-12-22,USA0006146,12594.663938000003,Coal,255181,1462980.1,367336.0,7.0,531984800.0,239566.91153668863,1462194.9454465897,348778.5824028547,492013836.9591134,1.0,6.037011986784037,6.103492907544792,1.4400135147892217,1.4558712643813534,2031.3935844434036,2053.763743094228
2019-08-04,USA0006146,12594.663938000003,Coal,205790,1413037.5,278869.1,7.0,441365400.0,252744.45926137874,1683901.7649802337,369749.66269882553,564180611.3614054,1.0,6.952380167507423,6.662467576544602,1.5265974983523156,1.4629387476163995,2329.350900922234,2232.2175252037914
2019-07-07,USA0006664,3520.888045,Coal,101689,291445.9,166638.2,7.0,203218800.0,101778.73483418478,239559.0701796407,132591.30281630903,201680090.4761871,1.0,3.538048211169781,2.3537241897329926,1.9582411193787532,1.302740725086859,2978.6135119106666,1981.5543080267107
2019-02-10,USA0006065,10886.599106,Coal,166943,17572.0,82052.05,6.966875,290105100.0,170196.90113666744,19355.370449729624,85506.0842207682,326128615.11086935,1.0,0.09245121029865362,0.11372340107524835,0.40842106301401515,0.5023950709426087,1557.7581043118103,1916.1842133012126
2019-08-11,USA0000117,2725.1920000000005,Gas,52459,233.322,6318.609,5.9527082,46216400.0,50129.67024541319,232.56370588960394,6415.876443975604,39551209.40727675,1.0,0.004437600252114127,0.004639242683047238,0.12242277794985872,0.12798561036939296,754.6855007567873,788.9780486017788
2019-09-01,USA0000087,1106.7589940000003,Coal,28349,31077.4,98277.57,7.0,56694800.0,28346.49930710268,30976.31108592863,97431.06574801604,59478269.83034741,1.0,1.455391991572366,1.0927737760608418,4.577704311745429,3.437146318931985,2794.52893353046,2098.258031299271
2019-09-01,USA0006664,3520.888045,Coal,63689,155198.97,101280.375,4.98,128990120.0,81685.78240652176,216475.93659497463,131392.3923623007,167388119.80253747,1.0,3.197133381995587,2.6501054432905975,1.9405344093636574,1.6085099327127264,2472.1553535599423,2049.1707965714886
2019-02-03,USA0000087,1106.7589940000003,Coal,28656,28368.0,93519.57,7.0,61541200.0,28635.963784883195,29679.120852216744,101526.16246621877,65342425.9744626,1.0,1.3944447641102886,1.0364282157628733,4.770108467032141,3.5454075591412084,3070.0506335095156,2281.8308636413553
2019-09-29,USA0006664,3520.888045,Coal,20498,66645.5,38143.7,2.0,41859400.0,86503.7234866201,217643.73910571972,130721.76684080681,173422131.4085534,1.0,3.2143806587571935,2.516004286675401,1.9306299401865687,1.5111692488130422,2561.2716786184483,2004.7938333588302
2019-09-08,USA0000117,2725.1920000000005,Gas,46256,211.085,5480.227,7.0,41811200.0,46342.19342812173,-3.0251274724095722,6415.876443975604,41984581.84808866,1.0,-5.772313604520259e-05,-6.527803819000593e-05,0.12242277794985872,0.1384456791827698,801.1172262727214,905.9688103284996
2019-01-13,USA0006065,10886.599106,Coal,226948,8972.1,104054.4,7.0,404894200.0,184546.91997871952,16794.064384390324,78465.09613695464,309908417.21477413,1.0,0.08021709438230294,0.09100159670140733,0.3747896803578359,0.4251769476618879,1480.282091611747,1679.293359382591
2019-07-14,USA0002079,3253.038991,Coal,69332,47064.9,44389.1,6.0,134272200.0,69334.41990683292,47041.24848007366,42732.34189083351,134253855.1487866,1.0,0.7519568402750295,0.6784689126019173,0.6830787409776062,0.6163221953577235,2146.0549618530235,1936.3233344879527
2019-06-09,USA0002079,3253.038991,Coal,1302,9.209,416.87,0.9741667,1823696.0,42001.07321642799,31841.15741262901,33576.600341158206,119881906.23019189,1.0,0.5089825821447428,0.7581034238947707,0.5367237289718139,0.7994224378063106,1916.3185996899656,2854.2581665104253
2019-02-17,USA0002079,3253.038991,Coal,66591,55423.8,39232.2,6.0,125705200.0,66594.20508930228,55332.53590582364,38937.4458270993,119720921.0242538,1.0,0.8844935074750936,0.830891153841737,0.622417127065159,0.5846972086367651,1913.74524267459,1797.767851777929
2019-09-08,USA0006664,3520.888045,Coal,94947,231732.7,150259.3,7.0,190381800.0,94845.81616816281,231716.37166070464,131392.3923623007,178747210.4733838,1.0,3.422219386801503,2.4430847982779613,1.9405344093636574,1.385326181698309,2639.917778077479,1884.6082799947949
2019-12-01,USA0000087,1106.7589940000003,Coal,34422,50852.4,128726.19,7.0,73282400.0,34454.35639677916,50850.032144562596,96759.9477813626,68386761.57951659,1.0,2.389139537922973,1.4758665510674325,4.5461724837185775,2.808351625178169,3213.0857950225627,1984.8509370475274
2019-02-10,USA0006664,3520.888045,Coal,118119,380203.2,205859.92,6.9979167,241450770.0,78676.77373259768,210213.8660793895,137624.35224020344,151689745.02945164,1.0,3.1046488546125457,2.671866881499906,2.032574232700597,1.7492373633412266,2240.306036635563,1928.011760433981
2019-04-07,USA0000117,2725.1920000000005,Gas,22275,102.342,2622.94,5.0,20272400.0,25678.60114148662,90.70028555147783,6415.876443975604,30721244.506733555,1.0,0.0017306724989200198,0.003532134988651757,0.12242277794985872,0.24985303555379607,586.1989593210844,1196.3753141170914
2019-08-04,USA0000087,1106.7589940000003,Coal,25030,41580.7,90393.375,6.0,50429000.0,25026.539291927296,41519.04863361399,99758.43182524682,107436018.14838496,1.0,1.950732309972018,1.6590007970861,4.687053354013976,3.9861057360585797,5047.777315569768,4292.883522374991
2019-12-01,USA0006065,10886.599106,Coal,118233,39944.7,54298.1,6.0,208690800.0,120111.27509507368,32843.49476234109,63295.63686466085,235284229.30833727,1.0,0.1568774335320635,0.27344222876948004,0.3023325360762453,0.5269749806132639,1123.8385656444818,1958.8854511959748
2019-05-19,USA0006146,12594.663938000003,Coal,166418,1358018.6,221629.94,5.9995832,349034370.0,166038.4848573625,1454887.1203131354,350451.6009569557,394704937.87210715,1.0,6.006839930680731,8.762348810656608,1.4469209610888223,2.1106648934915038,1629.6311573208066,2377.189470327819
2019-03-03,USA0000117,2725.1920000000005,Gas,35713,160.298,3874.517,4.0,31751400.0,35515.303056999124,186.50205785770046,6415.876443975604,29505824.99881519,1.0,0.0035586876112216766,0.0052513153994034655,0.12242277794985872,0.18065104030447532,563.0072669883039,830.7918688307624
2019-08-04,USA0006664,3520.888045,Coal,103297,227708.1,157423.5,7.0,201968600.0,103292.9036294471,228106.4535340184,135298.26836591033,193934412.610322,1.0,3.3689045014122163,2.2083458351827088,1.9982202970124083,1.3098505668044658,2864.217585690585,1877.5192273231296
2019-07-28,USA0006146,12594.663938000003,Coal,275013,1658087.4,397348.6,7.0,601709000.0,275054.7223899833,1685791.7316272792,371889.5999693254,576044049.9552022,1.0,6.960183334477987,6.128932152043178,1.5354327271931785,1.3520567716050549,2378.3318669816904,2094.288892587943
2019-06-23,USA0000087,1106.7589940000003,Coal,22651,27849.7,73146.516,7.0,46042000.0,22652.60191241065,27535.793330341505,96352.00953998808,43031621.58449033,1.0,1.293742595217399,1.2155686766938463,4.527005900328269,4.253463240670814,2021.7990859114686,1899.6326228164833
2019-05-05,USA0006065,10886.599106,Coal,96919,10062.8,59645.3,6.0,171684800.0,96534.61836433932,8683.527536457654,63736.39969043231,197232053.40426368,1.0,0.04147699639705995,0.0899524718032699,0.3044378461659209,0.660243970198126,942.0817903884438,2043.122526883297
2019-02-24,USA0006065,10886.599106,Coal,187061,18306.0,89990.0,6.0,324660200.0,187362.0057604942,17706.067801138986,90255.1033741383,326128615.11086935,1.0,0.08457329205332707,0.09450191211003975,0.4311048225215314,0.4817150788271975,1557.7581043118103,1740.6336668265667
2019-11-24,USA0000117,2725.1920000000005,Gas,47141,213.749,6355.944,7.0,42339800.0,46681.00237872019,174.61836282453913,6415.876443975604,38498807.10292213,1.0,0.0033319321599637876,0.003740672948876949,0.12242277794985872,0.13744084567687687,734.6043762611773,824.7210886900756
2019-06-16,USA0000117,2725.1920000000005,Gas,41304,187.022,5599.152,7.0,37044000.0,35468.82650744961,189.4230855827473,6415.876443975604,36254787.799863875,1.0,0.003614424396630717,0.005340551245555369,0.12242277794985872,0.1808877562562737,691.785740451653,1022.1592133094448
2019-06-02,USA0006065,10886.599106,Coal,103009,4077.6,57984.5,6.0,183020800.0,146643.9590366429,4012.9776754571667,66143.75039667077,227321445.8780058,1.0,0.01916804661326827,0.027365448272263417,0.315936592055756,0.4510499500367622,1085.8042140213906,1550.1589521406981
2019-01-06,USA0006065,10886.599106,Coal,159220,6429.8,76103.9,6.0,279522600.0,174404.57614372834,7333.55695809499,78465.09613695464,309908417.21477413,1.0,0.03502884216713431,0.04204910857414281,0.3747896803578359,0.4499027369115067,1480.282091611747,1776.951179075576
2019-03-17,USA0000087,1106.7589940000003,Coal,30106,42243.2,116080.0,7.0,66007800.0,30108.336862561864,42307.58515999749,103425.13345349338,66193304.77347536,1.0,1.9877809353676408,1.405178417961862,4.859329780681823,3.4350995183030886,3110.0283502378456,2198.504190903459
2019-03-03,USA0006065,10886.599106,Coal,235050,22663.7,118576.5,7.0,423605400.0,188774.19337713733,22552.80144943582,92945.97676493849,350878146.65734017,1.0,0.10772378627631471,0.11946972754045532,0.44395781866469713,0.4923659060709052,1675.9746040548,1858.7188236919012
2019-03-17,USA0006664,3520.888045,Coal,48101,143458.9,75139.5,3.0,94223000.0,95810.71873484383,184138.4159793577,131392.3923623007,183159062.99619362,1.0,2.7195404990295855,1.9218978670743592,1.9405344093636574,1.3713746655625156,2705.076433579719,1911.676119486029
2019-03-10,USA0002079,3253.038991,Coal,62349,34429.633,38067.94,4.9866667,122613580.0,70803.33482780588,49141.986592963374,40441.48517724261,124759791.05192378,1.0,0.7855372499081416,0.6940631640088276,0.6464592754758702,0.5711805139630293,1994.291846070294,1762.0609446622861
2019-04-14,USA0006146,12594.663938000003,Coal,237809,1839150.8,377288.4,7.0,483580400.0,189183.0008966931,1341808.5046921882,344239.7274527257,475748893.37505347,1.0,5.539968560294409,7.092648379253207,1.4212737962410675,1.8196123638016728,1964.2399810972054,2514.754978619062
2019-09-15,USA0006146,12594.663938000003,Coal,295991,1574816.0,375124.4,7.0,628405600.0,279854.73171104054,1676049.2328316725,365188.26593951235,612403377.0870229,1.0,6.9199591617755285,5.988997300793363,1.5077647107009802,1.3049208198365627,2528.4498074175754,2188.29023666232
2019-09-22,USA0002079,3253.038991,Coal,74481,50987.723,38991.0,7.0,135079200.0,67681.02280199133,51007.84304608152,39770.85965574872,133321402.13763468,1.0,0.8153630638103345,0.7536505941305124,0.6357392911122759,0.5876220247454441,2131.1496512452973,1969.8491041969307
2019-08-11,USA0006664,3520.888045,Coal,97918,274629.1,156592.4,7.0,191927000.0,90723.75157709276,231254.45493206472,132124.71775946626,192533824.71701425,1.0,3.4153973380506524,2.548995725067163,1.951350124082757,1.4563409852732216,2843.5323013188117,2122.1986676047904
2019-04-21,USA0006065,10886.599106,Coal,105830,6775.756,62212.594,5.98625,196322110.0,106749.79146219086,6731.690058543934,65107.170622677666,199492678.4223356,1.0,0.032154016110629124,0.06306045160686048,0.31098535359066604,0.6099044291410877,952.879698880817,1868.7875235146746
2019-09-15,USA0000117,2725.1920000000005,Gas,43572,197.332,5160.257,6.9816666,39087224.0,39998.02795277114,803.5698043642386,6415.876443975604,39057007.15003507,1.0,0.015333095733049416,0.020090235581441105,0.12242277794985872,0.16040481924637237,745.255516602802,976.4733200384977
2019-08-11,USA0006065,10886.599106,Coal,251984,22993.1,146042.6,7.0,465314600.0,211827.07785908628,17745.27360725259,88647.70328460686,377083037.6719159,1.0,0.08476055916016706,0.08377245150432222,0.4234270524629675,0.4184908944624066,1801.1426496023696,1780.1455861217273
2020-01-05,USA0000117,2725.1920000000005,Gas,13292,60.867,2121.015,2.0,12055400.0,14244.00913599757,15653.231099689174,6415.876443975604,27929552.242001254,1.0,0.29868281470950925,1.098934362526503,0.12242277794985872,0.45042630784063115,532.9300528491442,1960.7929182955572
2019-02-17,USA0006664,3520.888045,Coal,68075,219979.1,128384.8,5.0,142598400.0,77576.91048128254,222953.22570162924,137624.35224020344,151689745.02945164,1.0,3.292796473022965,2.8739637131517703,2.032574232700597,1.7740375504307937,2240.306036635563,1955.3465597995264
2019-03-10,USA0000087,1106.7589940000003,Coal,28711,35742.1,108914.92,7.0,62079600.0,28711.18024589294,27681.091999926874,101408.043928047,61940591.8240601,1.0,1.300569312560018,0.9641223998057893,4.764558781853859,3.5320054090271387,2910.2187488987547,2157.3683594188205
2019-09-22,USA0006065,10886.599106,Coal,139161,9359.7,63186.3,7.0,250422400.0,140292.53992588905,9260.338638043255,84157.3733370154,284369724.8312489,1.0,0.0442321430677884,0.0660073489505224,0.4019789257338343,0.5998706230671451,1358.2961535779493,2026.9768084708571
2019-09-22,USA0006146,12594.663938000003,Coal,312724,1781216.0,387826.8,7.0,658729600.0,275102.61967231124,1783256.0546406207,370639.118522022,604249312.4565113,1.0,7.362587465437163,6.482148577010092,1.5302698236349828,1.3472758600536379,2494.7838546876023,2196.450594241027
2019-12-15,USA0000087,1106.7589940000003,Coal,27617,43529.4,89743.09,6.0,58144400.0,27373.207934746435,41617.47353601275,96759.9477813626,57965703.67049449,1.0,1.9553567087367736,1.520372534896987,4.5461724837185775,3.5348413679545194,2723.462476660671,2117.607253365258
2019-12-08,USA0000087,1106.7589940000003,Coal,30692,43679.0,100268.945,7.0,65059600.0,30682.11124813403,43821.13694758378,96759.9477813626,69628106.65649489,1.0,2.0588937010024027,1.4282308213144495,4.5461724837185775,3.1536274345282274,3271.409191853139,2269.338836998363
2019-07-07,USA0006146,12594.663938000003,Coal,257207,1686196.5,381759.1,7.0,560690600.0,257238.66027792243,1685780.9641809796,368318.0350569398,576044049.9552022,1.0,6.960138878571079,6.55337328518058,1.52068669058924,1.4318144662198382,2378.3318669816904,2239.3370006391738
2019-12-08,USA0006664,3520.888045,Coal,45407,140641.9,77965.8,5.0,94328200.0,45409.46531522664,193138.38832496828,132259.0786188382,110292351.8905788,1.0,2.852461102011084,4.253262772072443,1.953334499785149,2.912588327140889,1628.9078848884837,2428.840575966785
2019-09-15,USA0006065,10886.599106,Coal,138016,9384.8,61197.9,7.0,245141810.0,161698.03714124818,9143.456584348487,84157.3733370154,284369724.8312489,1.0,0.04367385422726536,0.05654649089129881,0.4019789257338343,0.5204600799421044,1358.2961535779493,1758.6467334964816
2019-06-23,USA0006065,10886.599106,Coal,100189,4596.75,56165.6,4.98875,184858180.0,134346.1173078013,8386.96122163897,66143.75039667077,227321445.8780058,1.0,0.04006044305285972,0.06242801347525025,0.315936592055756,0.4923383847791327,1085.8042140213906,1692.0581735696023
2019-12-01,USA0002079,3253.038991,Coal,41571,23814.1,24497.8,4.0,78630400.0,41463.8852823863,35261.23393767335,33784.64879550556,134624733.67361712,1.0,0.5636526859444011,0.8504083420434358,0.5400493944974941,0.814796986954263,2151.983474651224,3246.794957992159
2019-08-11,USA0006146,12594.663938000003,Coal,257012,1688669.8,357612.3,7.0,543931600.0,261538.67777721188,1690374.2300264116,370167.48128859425,564180611.3614054,1.0,6.9791032451582495,6.4631902416602935,1.528322559598485,1.4153450817852506,2329.350900922234,2157.1593775586603
2019-04-07,USA0000087,1106.7589940000003,Coal,27426,29855.7,90763.7,7.0,57866200.0,26942.582636668503,25443.662837115477,99296.1852865642,41785975.343389265,1.0,1.195445869157314,0.9443661426312927,4.665335147844606,3.6854739067005173,1963.2736030480737,1550.9268694426903
2019-01-13,USA0000087,1106.7589940000003,Coal,30810,29594.3,111946.15,7.0,66128400.0,30826.53087866716,47758.05477620836,105975.80115274944,81366916.11000738,1.0,2.243865974278077,1.5492516807740535,4.979170433507197,3.437811460844195,3822.9457909608664,2639.509337922796
2019-06-02,USA0006146,12594.663938000003,Coal,225261,1993110.5,345621.3,7.0,502992200.0,239673.93477183062,1803351.7470837676,346858.37315502774,532110181.67785025,1.0,7.445557206605944,7.52418801318782,1.4320854842059096,1.4472094075863386,2196.9406713397457,2220.1420533460123
2019-11-24,USA0002079,3253.038991,Coal,66329,50793.1,41443.1,6.0,124701400.0,66325.6089687644,52476.36286822674,37340.538109675006,148323760.09827274,1.0,0.83883743069091,0.7911930803822718,0.5968904729009135,0.5629882437605704,2370.963135224893,2236.296996053588
2019-12-15,USA0006146,12594.663938000003,Coal,212940,1402279.8,319217.4,7.0,451506000.0,213099.52857871167,1459521.2143002336,348778.5824028547,492013836.9591134,1.0,6.025972865748737,6.849011933694337,1.4400135147892217,1.6366933551147103,2031.3935844434036,2308.8452623084067
2019-01-06,USA0006146,12594.663938000003,Coal,242218,2058590.5,374074.2,5.9983335,518036800.0,248178.55992314647,1834951.59973678,357380.0378535715,550628242.7698052,1.0,7.576024549446183,7.393674942368148,1.4755266245981922,1.4400117317315464,2273.396794466328,2218.6777251843123
2019-09-01,USA0006065,10886.599106,Coal,227596,19754.379,117020.85,6.995,417910880.0,196501.50284005294,19650.4943883916,84767.12334754047,322356394.44135606,1.0,0.09386087411202622,0.10000175115396744,0.4048914055853087,0.43138155241763565,1539.7400370619027,1640.4780105104117
2019-03-03,USA0002079,3253.038991,Coal,69819,64717.7,42856.2,6.0,135315800.0,69968.71308192641,64728.17008796218,43314.48340548364,127877969.8379939,1.0,1.0346832158748118,0.9251016238096579,0.6923843038207067,0.6190550247046374,2044.136098575181,1827.6450173988694
2019-02-24,USA0000087,1106.7589940000003,Coal,33371,46709.4,125783.4,7.0,72376000.0,33417.87671972457,46413.206439996124,101526.16246621877,66863668.51683403,1.0,2.1806795770026497,1.388873590900561,4.770108467032141,3.0380793883979456,3141.524741813274,2000.8353336634466
2019-09-29,USA0002079,3253.038991,Coal,41063,34079.8,24600.8,4.0,75977600.0,52821.62432660346,47195.89419229958,40441.48517724261,133321402.13763468,1.0,0.7544288601487525,0.8934956998005361,0.6464592754758702,0.7656236568415101,2131.1496512452973,2523.9928502253147
2019-07-21,USA0000087,1106.7589940000003,Coal,24257,8115.2,74958.36,6.0,49800800.0,29811.86517772804,22497.14313816173,99202.54834585119,50203933.21553499,1.0,1.0570064933074397,0.7546372225971617,4.66093570682495,3.3276196492383106,2358.7832051607606,1684.02523345106
2019-02-24,USA0002079,3253.038991,Coal,26798,20636.1,16706.3,2.0,51719000.0,47562.41294598909,42952.750331069416,51383.16750954364,119720921.0242538,1.0,0.6866019815302022,0.9030818175655992,0.8213626451722629,1.0803313862123294,1913.74524267459,2517.1330386497934
2019-07-21,USA0006664,3520.888045,Coal,77686,224952.4,121347.6,5.0,158736800.0,86014.4609910204,225723.2352497488,135764.8534227531,201680090.4761871,1.0,3.3337067475506563,2.624247511977242,2.0051112923084045,1.5783956774073893,2978.6135119106666,2344.7230634537345
2019-07-07,USA0002079,3253.038991,Coal,51272,35834.0,31509.2,5.0,100355200.0,68946.69427229108,45134.22928970997,42989.59587269245,134253855.1487866,1.0,0.7214730378449739,0.654624993498041,0.6871909594581332,0.6235193191846691,2146.0549618530235,1947.2123582688107
2019-05-26,USA0006664,3520.888045,Coal,91895,265733.0,149274.1,7.0,179129600.0,58763.69757670823,156616.38386910554,121453.85227125757,149145806.46082506,1.0,2.3130675719038627,2.6651893997082734,1.793752098160052,2.066817734073245,2202.7346046905914,2538.0602754980646
2019-09-22,USA0000117,2725.1920000000005,Gas,27208,122.852,2640.58,6.0,24332800.0,27157.288419387547,4.812172680622905,6415.876443975604,41984581.84808866,1.0,9.182214662027154e-05,0.00017719636092930038,0.12242277794985872,0.23624878687797563,801.1172262727214,1545.9784202209205
2019-03-03,USA0006664,3520.888045,Coal,91158,283461.4,150113.3,5.0,171494600.0,88784.11950133956,218542.19399436493,143093.33607817043,177896389.01498488,1.0,3.2276499401465566,2.461500944333492,2.113345661936508,1.6116996697366746,2627.351994879807,2003.6960440014366
2019-08-04,USA0000117,2725.1920000000005,Gas,44542,202.758,5827.985,7.0,40162200.0,44522.11199394059,141.65404003622544,6415.876443975604,39551209.40727675,1.0,0.0027029325206751383,0.003181655893941069,0.12242277794985872,0.14410539295280506,754.6855007567873,888.3498027375616
2019-06-09,USA0006146,12594.663938000003,Coal,283024,2430569.2,426378.1,7.0,617364400.0,264714.25271625543,1788922.4150483143,352309.2257375374,564637161.817968,1.0,7.385982352561626,6.75793765047416,1.4545905971399122,1.33090387889002,2331.235875690765,2133.006273837461
2019-04-28,USA0006664,3520.888045,Coal,26799,76413.6,43531.7,2.0,53007800.0,36626.08505032531,173780.1498107836,121453.85227125757,126666442.22548646,1.0,2.5665592528548427,4.744709940251725,1.793752098160052,3.3160478960384774,1870.7368458020073,3458.366954902307
2019-06-30,USA0002079,3253.038991,Coal,74689,50422.5,42361.7,7.0,145570600.0,75838.89615535583,50636.942156934194,38005.230413078,119881906.23019189,1.0,0.8094341935173497,0.6676909175102511,0.6075156144601085,0.5011311126578684,1916.3185996899656,1580.7443450207138
2019-06-16,USA0006146,12594.663938000003,Coal,244238,2007380.8,363862.7,7.0,537872200.0,244427.28634788006,1720124.9503769705,346858.37315502774,531038057.94179755,1.0,7.10193601511898,7.037368765485578,1.4320854842059096,1.4190656793585765,2192.514159084303,2172.5809171157757
2019-12-29,USA0000117,2725.1920000000005,Gas,63670,288.355,9041.496,7.0,57118000.0,45322.85223649615,-819.9509954147499,6415.876443975604,39203980.99202089,1.0,-0.015645668914912047,-0.018091337039783335,0.12242277794985872,0.14155941489510296,748.0599574580749,864.9936854691582
2019-12-08,USA0006146,12594.663938000003,Coal,205963,1236997.0,294395.7,7.0,441001200.0,227503.77002258998,1426306.079269205,348778.5824028547,492013836.9591134,1.0,5.888836453843191,6.269373378417334,1.4400135147892217,1.5330672646357586,2031.3935844434036,2162.6623458163303
2019-03-10,USA0006146,12594.663938000003,Coal,363484,3134056.2,498751.9,7.0,727488800.0,261971.50268841436,1811659.1464707362,370639.118522022,594117543.0821356,1.0,7.479856237548644,6.915481752324416,1.5302698236349828,1.4148070103749244,2452.9524878435896,2267.870882844733
2019-04-14,USA0000117,2725.1920000000005,Gas,22421,102.368,2384.204,5.0,20276200.0,22245.63997416021,86.87867247683656,6415.876443975604,30447530.90707751,1.0,0.0016577514423921325,0.0039054247294189742,0.12242277794985872,0.2884105133153315,580.9761687132615,1368.6965599750936
2019-03-10,USA0006065,10886.599106,Coal,257739,25962.9,125798.9,7.0,461149220.0,189292.11923431294,25713.97145937478,84085.96690774261,314308368.36545795,1.0,0.12282316110552374,0.13584279981326142,0.4016378518790858,0.4442127186692745,1501.2985226943852,1660.440855313132
2020-01-05,USA0000087,1106.7589940000003,Coal,7741,10942.8,25625.922,2.0,16699800.0,19074.57059103012,8917.833763764955,103197.69070558275,38551006.07436179,1.0,0.41899578700489654,0.467524745640072,4.848643603333845,5.4102235336355,1811.281703364963,2021.0680964157868
2019-01-27,USA0000117,2725.1920000000005,Gas,17166,81.087,2096.45,4.0,16062600.0,30161.61382145301,4092.6882992609767,6415.876443975604,33943401.31895669,1.0,0.07809350370967284,0.1356919534706719,0.12242277794985872,0.21271661662255592,647.6816564065018,1125.3841230078283
2019-02-17,USA0006146,12594.663938000003,Coal,221474,1715542.4,331451.9,7.0,439822400.0,221601.02569615602,1716953.426469819,362569.62023721024,540456056.753705,1.0,7.088841640867811,7.747948914388088,1.4969530227361378,1.6361369226437634,2231.3985581147194,2438.8698339995094
2019-10-20,USA0006065,10886.599106,Coal,92330,2975.2,39634.2,5.0,164901400.0,98043.09620439041,4860.727588966234,65107.170622677666,164909930.6962198,1.0,0.023217336485453953,0.049577459067929444,0.31098535359066604,0.664066855731981,787.6946981061571,1682.0147167979285
2019-06-16,USA0006664,3520.888045,Coal,21771,44486.5,37152.0,2.0,43835000.0,64013.47741735113,156015.70045446028,127516.94983299762,182691454.81435478,1.0,2.3041960777914867,2.437232075946737,1.8832979937355199,1.9920328496079107,2698.170327749359,2853.952982795393
2019-06-30,USA0000087,1106.7589940000003,Coal,29772,34952.1,97281.04,7.0,60068200.0,28482.483632194362,35035.1995428254,96352.00953998808,43031621.58449033,1.0,1.6460949367509008,1.2300612543220901,4.527005900328269,3.3828513968170717,2021.7990859114686,1510.8100171380688
2019-12-15,USA0006065,10886.599106,Coal,144361,36457.1,66737.5,7.0,256038600.0,144364.58197043044,31729.64245800433,68944.89479392367,235284229.30833727,1.0,0.15155710169458547,0.219788275108249,0.32931629927551326,0.47757485840983727,1123.8385656444818,1629.7919205455082
2019-05-12,USA0006664,3520.888045,Coal,49935,143316.8,78425.5,3.0,97174600.0,50590.26418041967,152436.50713950422,121453.85227125757,97257625.1785431,1.0,2.2513349671855925,3.013158946865173,1.793752098160052,2.400735679855666,1436.3979895544342,1922.4573493368998
2019-11-10,USA0000087,1106.7589940000003,Coal,22838,29543.2,85421.48,5.0,46877600.0,29281.065876546818,33072.146327104725,101056.55808086235,62687814.89905601,1.0,1.5538627816287214,1.1294720781866905,4.748044559559134,3.451259544544291,2945.3263017719933,2140.899349885583
2019-09-01,USA0002079,3253.038991,Coal,66971,43112.2,34240.1,7.0,124010600.0,66974.86088041187,42929.566037574776,40441.48517724261,133321402.13763468,1.0,0.6862313793747848,0.6409802942962197,0.6464592754758702,0.6038308201857053,2131.1496512452973,1990.6185751649268
2019-02-24,USA0056238,4.437,Gas,1786,6.994,1021.543,0.96125,1385120.0,42170.711377624575,3278.3053903893865,13340.081020068605,40915731.6808733,1.0,38.42052745103631,0.07773891602238486,156.34081880630322,0.31633521428207967,479517.2520634238,970.2404902418326
2019-06-16,USA0000087,1106.7589940000003,Coal,15601,18941.6,51979.977,5.0,31659200.0,16311.1600727098,29106.10474072136,101195.15627383882,43031621.58449033,1.0,1.3675221567862952,1.78442885797061,4.754556461494287,6.204044091452969,2021.7990859114686,2638.170515933231
2019-11-17,USA0002079,3253.038991,Coal,87414,69687.9,48581.3,7.0,166063600.0,73018.20620669385,68259.22378652629,39190.41412557643,148323760.09827274,1.0,1.0911272956517006,0.9348247147198299,0.6264608386705853,0.5367211297226266,2370.963135224893,2031.3257172931667
2019-03-24,USA0006664,3520.888045,Coal,128628,414556.3,196477.6,7.0,252316800.0,111002.76048398334,231423.14491706772,131392.3923623007,188316435.44973248,1.0,3.4178887206530084,2.084841349062305,1.9405344093636574,1.1836858091584075,2781.2456738839846,1696.5022728142403
2019-12-29,USA0000087,1106.7589940000003,Coal,29617,36317.3,98477.85,7.0,63108000.0,29697.818833966947,33559.212431930144,96759.9477813626,57965703.67049449,1.0,1.576747111088186,1.1300228013225915,4.5461724837185775,3.2581499780277867,2723.462476660671,1951.8505380669937
2019-04-14,USA0000087,1106.7589940000003,Coal,3029,3290.7,10209.36,1.0,6286200.0,19964.182409361634,35521.79260121182,99296.1852865642,37834273.63981722,1.0,1.6689570405813339,1.7792760992082945,4.665335147844606,4.973716591569614,1777.6067237186555,1895.1075913870593
2019-12-01,USA0006146,12594.663938000003,Coal,276391,1600331.4,383950.0,7.0,580487230.0,239586.68438037304,1520369.9064405453,348778.5824028547,492013836.9591134,1.0,6.2772008466517875,6.345803024790698,1.4400135147892217,1.4557511128169636,2031.3935844434036,2053.5942480759136
2019-01-13,USA0000117,2725.1920000000005,Gas,40609,188.012,4393.37,7.0,37241000.0,40492.31314436064,66.93820757785012,6415.876443975604,32808466.72972091,1.0,0.001277262957636822,0.0016531090071146652,0.12242277794985872,0.1584467753447951,626.0257148654066,810.2393808117168
2019-12-29,USA0006146,12594.663938000003,Coal,177357,942305.7,302438.3,7.0,386150200.0,192506.59213527854,1442069.9646465622,348778.5824028547,492013836.9591134,1.0,5.9539213218204425,7.491016014834383,1.4400135147892217,1.8117747477331085,2031.3935844434036,2555.82851216526
2019-04-28,USA0006146,12594.663938000003,Coal,99623,677248.2,151980.9,7.0,197259200.0,180085.04394319875,1240169.1728767203,344239.7274527257,475748893.37505347,1.0,5.120326934251657,6.886575063212281,1.4212737962410675,1.9115397920623745,1964.2399810972054,2641.8012454444083
2019-04-07,USA0002079,3253.038991,Coal,77117,51221.0,42270.4,7.0,146698000.0,62524.87157825695,51058.864898972475,33828.28040029409,132091360.12046927,1.0,0.8161786508222547,0.8166168695775173,0.5407468480033637,0.5410371832264249,2111.487364666636,2112.621054409396
2019-08-18,USA0000087,1106.7589940000003,Coal,28880,35002.8,94939.516,7.0,57235000.0,29891.961248280782,34946.282308530164,97644.01702942581,57280701.70485207,1.0,1.6419172465686491,1.169086297759739,4.587709621567477,3.2665644190557,2691.278322380913,1916.2577265868272
2019-02-03,USA0006065,10886.599106,Coal,188742,14015.8,88042.2,7.0,328047600.0,188818.2486563996,20069.378903908422,90255.1033741383,326128615.11086935,1.0,0.0958616821324915,0.10628940288726808,0.4311048225215314,0.47799989681283006,1557.7581043118103,1727.2091941936137
2019-05-05,USA0002079,3253.038991,Coal,84369,59002.6,53651.6,7.0,164530200.0,62717.365390742016,42883.845662719286,31778.99964544476,96421937.5395021,1.0,0.6855005367691281,0.6837635062561087,0.5079889869549761,0.5067017634981172,1541.3097617107871,1537.4041453873851
2019-11-03,USA0000087,1106.7589940000003,Coal,32076,40129.1,116861.85,7.0,67040600.0,31967.93911226586,40136.85539209097,101056.55808086235,67002715.636236034,1.0,1.8857912984701075,1.2555346546155912,4.748044559559134,3.1611846395843424,3148.0577361219734,2095.934786441319
2019-04-14,USA0006065,10886.599106,Coal,156510,7037.5,78411.9,7.0,287511800.0,150401.34471714636,7035.772868950519,65107.170622677666,199492678.4223356,1.0,0.03360647210603982,0.04677998645678606,0.31098535359066604,0.4328895512544921,952.879698880817,1326.4022259741978
2019-02-10,USA0006146,12594.663938000003,Coal,277881,2126524.0,394542.5,7.0,563118200.0,246325.06276869943,1734338.6114170104,368781.4937414403,540456056.753705,1.0,7.160620421286585,7.040853220224545,1.5226001875838928,1.4971334609492342,2231.3985581147194,2194.0766021896693
2019-10-06,USA0006146,12594.663938000003,Coal,282262,2100313.5,389809.2,7.0,616946000.0,213080.90612226274,1275943.799280893,350451.6009569557,421231139.98295695,1.0,5.268030801712879,5.988071960557437,1.4469209610888223,1.644687960712311,1739.1507536001836,1976.8600934203866
2019-03-10,USA0006664,3520.888045,Coal,99513,285635.6,151230.6,6.0,188931200.0,97513.26694562312,234838.56613363727,131392.3923623007,178097624.2779257,1.0,3.46833108093022,2.4082729816096884,1.9405344093636574,1.3474309340447983,2630.324038733284,1826.393780625146
2019-04-14,USA0002079,3253.038991,Coal,13131,7658.9,7650.2,1.0,24944200.0,54851.28632775162,27503.174175966753,33210.646088659,124122661.71521176,1.0,0.43963969110331247,0.5014134766435134,0.5308739309267837,0.6054670421075669,1984.1072999887112,2262.8942733183044
2019-05-19,USA0006664,3520.888045,Coal,103597,290030.9,168554.8,7.0,201359800.0,83207.23429214479,214692.62369153826,121453.85227125757,149145806.46082506,1.0,3.1707956314640473,2.5802158372160484,1.793752098160052,1.4596549603466806,2202.7346046905914,1792.4620104204716
2019-03-17,USA0000117,2725.1920000000005,Gas,61752,274.356,6349.138,7.0,54347000.0,47509.985867979005,990.1882204869037,6415.876443975604,27929552.242001254,1.0,0.018894003602432045,0.020841686277037502,0.12242277794985872,0.1350426931677916,532.9300528491442,587.8669869448507
2019-11-17,USA0006065,10886.599106,Coal,146355,21672.9,64117.3,7.0,259215000.0,146475.8846482176,21640.061005267256,66926.41177267724,259733431.66468963,1.0,0.10336406818303,0.14773804614485792,0.3196749855757219,0.4569107872835888,1240.620538614317,1773.2163372044208
2019-02-17,USA0000087,1106.7589940000003,Coal,29681,33983.1,115003.06,7.0,64394000.0,29683.13483975346,31320.854805947285,101526.16246621877,63852793.459034495,1.0,1.4715800447421152,1.0551734166568043,4.770108467032141,3.420331545650925,3000.0616917234584,2151.1472357535145
2019-10-27,USA0000087,1106.7589940000003,Coal,30626,39892.7,109506.63,7.0,63685200.0,30612.06341575063,39814.396217576315,99296.1852865642,60050109.79066589,1.0,1.8706408662932157,1.3006113203427794,4.665335147844606,3.2436946160079483,2821.3962805299107,1961.6485493025828
2019-11-03,USA0002079,3253.038991,Coal,53486,43867.6,33561.0,5.0,102476800.0,53532.2417605824,50466.825539400044,35029.88723865852,115746331.2093993,1.0,0.8067148704055611,0.9427370100641007,0.5599545967477901,0.6543698916127254,1850.2112146644,2162.179789276586
2019-01-13,USA0006664,3520.888045,Coal,88947,306467.9,152167.9,5.0,183168200.0,90557.59665269678,257229.81377374282,143116.3866021144,183681772.79126647,1.0,3.7990274457121025,2.8405106063079533,2.113686095153857,1.5803907335459573,2712.796335205784,2028.341956729662
2020-01-05,USA0002079,3253.038991,Coal,8751,5698.7,4635.9,1.0,16798600.0,17795.506518205708,10718.953362020306,40303.66405589402,118530506.47069488,1.0,0.17134303534852893,0.6023404476323431,0.6442561975754962,2.2648225277915706,1894.7164031936236,6660.6986628580735
2019-12-01,USA0006664,3520.888045,Coal,33092,98433.2,54759.0,3.0,66332200.0,41167.89881476551,200835.6558956176,119736.85831620965,106832103.64644365,1.0,2.966142056519754,4.878452913015438,1.7683938122613332,2.90850059788002,1577.803474184329,2595.0341582195747
2019-06-23,USA0006146,12594.663938000003,Coal,234231,1757194.4,339896.12,6.993472,505753180.0,234613.98603191102,1780606.7978050106,346858.37315502774,532110181.67785025,1.0,7.351649392287305,7.589516839643232,1.4320854842059096,1.4784215511680954,2196.9406713397457,2268.024130519974
2019-11-17,USA0006664,3520.888045,Coal,97886,298098.1,151708.1,6.0,191149200.0,96790.33193000505,247473.87583102327,124704.73986447135,179297325.46649572,1.0,3.654941985868571,2.5568036692960887,1.8417644611453445,1.2884007873291818,2648.0424271081242,1852.4301125050017
2019-11-24,USA0006664,3520.888045,Coal,76374,229604.6,115316.0,5.0,148079600.0,76374.95493206455,213091.90869053715,124704.73986447135,145204307.893546,1.0,3.1471546695850514,2.7900757372633764,1.8417644611453445,1.6327962481339087,2144.522607353848,1901.2031892222403
2019-10-27,USA0006065,10886.599106,Coal,135253,29478.1,59657.6,7.0,242204800.0,126732.18921202168,23837.787628735015,71017.45487194926,213490822.91095015,1.0,0.1138615415727995,0.18809576143953954,0.3392159128286506,0.5603742451977829,1019.7420409511503,1684.58245879255
2019-09-08,USA0002079,3253.038991,Coal,80895,51873.78,42237.0,7.0,144596800.0,79257.28462270333,50755.057374992946,40441.48517724261,133321402.13763468,1.0,0.8113222715133552,0.6403835006032255,0.6464592754758702,0.5102557496104038,2131.1496512452973,1682.1343649646637
2019-11-10,USA0006065,10886.599106,Coal,147312,18049.8,66538.5,7.0,261398000.0,147316.08167470808,25584.94343590375,72836.69602194881,258804881.3242862,1.0,0.12220685686255812,0.17367379816956058,0.34790554481370634,0.4944246085962369,1236.1853043202234,1756.7999255896516
2019-02-10,USA0002079,3253.038991,Coal,85646,75053.4,53337.5,7.0,165138600.0,86516.97501579912,56499.463752947115,41715.55627426598,162295584.13135153,1.0,0.9031469107138194,0.6530448359137566,0.6668253692203688,0.48216614446642614,2594.3034799702714,1875.8813990169472
2019-07-14,USA0006065,10886.599106,Coal,244063,14853.8,133005.3,7.0,450542200.0,197756.14775256196,14833.535622694717,90815.9846115573,374018940.56550974,1.0,0.07085260005165522,0.07500922621760843,0.43378387996286893,0.459232168727259,1786.5069449179466,1891.3138469580867
2019-11-17,USA0006146,12594.663938000003,Coal,267686,1336204.4,370161.1,7.0,559205600.0,267866.3723433959,1424757.871662376,352211.97375125386,484618082.4259804,1.0,5.882444318574524,5.318912781765242,1.4541890696905386,1.3148793955358071,2000.858491358261,1809.178502648014
2019-08-18,USA0006146,12594.663938000003,Coal,305810,2310558.0,426824.1,7.0,653477000.0,270151.4718363097,1712714.7746967666,370167.48128859425,564180611.3614054,1.0,7.071341380973324,6.339831365918063,1.528322559598485,1.3702219675963354,2329.350900922234,2088.3862209836634
2019-05-26,USA0002079,3253.038991,Coal,49136,29671.7,30088.8,5.0,92443800.0,55208.403303942505,29849.38830279225,31778.99964544476,96421937.5395021,1.0,0.47714404777793734,0.5406674802468099,0.5079889869549761,0.5756188866845091,1541.3097617107871,1746.5083532422407
2019-11-10,USA0006664,3520.888045,Coal,102820,317818.7,158360.5,7.0,201071200.0,99040.48254184386,244925.40321206476,137487.9864871086,139278949.40382862,1.0,3.617303590528499,2.472982733182723,2.0305602467202695,1.3881998851229442,2057.0109803076934,1406.2830251759356
2019-04-07,USA0006065,10886.599106,Coal,107449,2421.9,44908.1,6.0,191253600.0,109466.42961034096,6314.7767221854865,65107.170622677666,199492678.4223356,1.0,0.030162623456270157,0.057686879389998384,0.31098535359066604,0.5947683765190346,952.879698880817,1822.4096568459754
2019-06-02,USA0002079,3253.038991,Coal,62109,43297.4,37601.3,6.0,118685000.0,62093.75822517606,43379.34077850442,34247.225862652114,119881906.23019189,1.0,0.6934210523522832,0.6986103276466871,0.5474437133354083,0.5515405548245024,1916.3185996899656,1930.6595325645064
2020-01-05,USA0006065,10886.599106,Coal,59923,4956.4,29047.8,2.0,109758800.0,59899.78115699296,4310.885789444407,73370.60414107825,253383040.44432437,1.0,0.02059100908083987,0.07196830616368848,0.3504557647606712,1.2248893522462,1210.2878019861264,4230.116296756175
2019-12-08,USA0002079,3253.038991,Coal,62873,41302.5,35564.6,6.0,119435600.0,62946.975218100575,44214.28072325017,33784.64879550556,135360094.0682064,1.0,0.7067676114457643,0.7024051683191321,0.5400493944974941,0.5367160007045214,2163.7382493786204,2150.382819813131
2019-04-28,USA0006065,10886.599106,Coal,93975,6263.8,57973.7,6.0,169267600.0,93712.02567047076,6172.583208629271,63736.39969043231,199492678.4223356,1.0,0.029483434057181505,0.06586756784379585,0.3044378461659209,0.6801304233306744,952.879698880817,2128.784187462047
2019-06-30,USA0006065,10886.599106,Coal,222250,10014.9,120238.4,7.0,408367000.0,203150.3125867037,9934.671269132094,69901.75494709669,259742835.4336694,1.0,0.047453102751818084,0.048903056769317145,0.3338867558047313,0.3440888377528975,1240.6654558545117,1278.5746284432234
2019-03-31,USA0002079,3253.038991,Coal,33892,35432.906,18368.53,3.9729166,65559064.0,46488.44400581203,35385.95984759146,40441.48517724261,124759791.05192378,1.0,0.5656464361987588,0.7611775486219214,0.6464592754758702,0.8699255490716484,1994.291846070294,2683.6731949197138
2019-02-17,USA0056238,4.437,Gas,1818,7.23,1038.561,1.0,1432800.0,23209.935877168322,23.353274752193325,13340.081020068605,40915731.6808733,1.0,0.27369174827902926,0.0010061757548915078,156.34081880630322,0.5747573405918488,479517.2520634238,1762.854145630028
2019-03-03,USA0006146,12594.663938000003,Coal,211703,1724239.6,306821.6,7.0,417568200.0,251971.17344303598,1786236.7941552748,370639.118522022,593360881.4618937,1.0,7.374894141941199,7.089052171117089,1.5302698236349828,1.4709584174152115,2449.828434320108,2354.876049327273
2019-10-20,USA0006146,12594.663938000003,Coal,164994,1082284.4,260008.1,7.0,366372200.0,176716.40482493822,1334443.8135333038,344239.7274527257,432556468.63450843,1.0,5.509561719576212,7.551329571554225,1.4212737962410675,1.947978331687668,1785.910007581056,2447.743711530431
2019-02-24,USA0006664,3520.888045,Coal,79528,245610.2,135320.2,5.0,152011800.0,79743.50849346697,245570.99209274433,140402.46268737022,152094002.39316514,1.0,3.6268382935256627,3.0795107555728234,2.073604149416586,1.7606757633302874,2246.2765141527207,1907.2900762276533
2019-12-08,USA0000117,2725.1920000000005,Gas,48849,221.016,6816.086,6.9895835,43779100.0,48599.26748876025,70.9816464741715,6415.876443975604,43858831.6288266,1.0,0.0013544167224389758,0.001460549718997055,0.12242277794985872,0.13201590837679664,836.8802068621158,902.4586973243993
2019-08-11,USA0002079,3253.038991,Coal,80005,64979.977,44265.6,7.0,148696000.0,80046.75825359653,58676.48074216362,44261.18960334016,141620051.17222705,1.0,0.9379466422117989,0.7330275706640158,0.7075174523703359,0.5529416876960346,2263.8039941513284,1769.2165711890525
2019-10-20,USA0000087,1106.7589940000003,Coal,31575,44311.9,112067.06,7.0,65694000.0,31030.446981330442,41379.992578604106,99296.1852865642,59222362.62361745,1.0,1.9441988958324319,1.3335287307817543,4.665335147844606,3.199959876385475,2782.5053811382054,1908.524316754082
2019-07-28,USA0002079,3253.038991,Coal,70337,74381.445,38905.7,7.0,130503400.0,74620.0643314503,64218.46006504178,45058.69999804517,134253855.1487866,1.0,1.0265354742506905,0.8606057987271859,0.720265698130499,0.6038416128656992,2146.0549618530235,1799.1656312764972
2019-02-03,USA0006664,3520.888045,Coal,69729,232679.6,121291.5,5.0,144593400.0,69690.91801160538,232626.50262587174,137624.35224020344,155584039.98765033,1.0,3.4356611121798197,3.337974434303381,2.032574232700597,1.9747817386662256,2297.820883809959,2232.4865911759334
2019-08-25,USA0006065,10886.599106,Coal,203726,12369.7,105253.6,7.0,370503000.0,204793.13214657977,12373.99815012595,84889.69873418094,347094972.7677769,1.0,0.059104583308475275,0.06042193905833383,0.40547688871399223,0.4145143826084047,1657.9042185889784,1694.8565077824253
2019-09-29,USA0006065,10886.599106,Coal,138468,14157.4,65557.4,7.0,244349200.0,142423.2286188923,13251.260477923017,84157.3733370154,284369724.8312489,1.0,0.06329483965954326,0.09304142734596912,0.4019789257338343,0.5908964018938972,1358.2961535779493,1996.6527060848243
2019-01-27,USA0002079,3253.038991,Coal,87227,68601.0,54380.7,7.0,171360800.0,87359.54085739625,69145.46007992592,42968.93822468081,168216404.038303,1.0,1.105293829586363,0.7915043898043994,0.6868607458641439,0.4918631417125044,2688.948098744678,1925.5641958203016
2019-01-20,USA0000087,1106.7589940000003,Coal,32808,32830.5,117930.305,7.0,68796400.0,32809.293117677575,32471.474891026715,105975.80115274944,65758289.40106887,1.0,1.5256408156493273,0.9897035810726186,4.979170433507197,3.2300543865009366,3089.589574056428,2004.2580364414634
2019-12-15,USA0006664,3520.888045,Coal,81656,248527.5,120688.8,6.0,163485000.0,71590.2052975896,223968.88840825387,124194.21280774279,144558131.48045102,1.0,3.3077967968246496,3.1284850696718816,1.8342244863973303,1.7347933602297456,2134.979227089697,2019.2445444114157
2019-01-27,USA0006664,3520.888045,Coal,88058,277207.1,152484.1,5.0,179251200.0,86600.44558787726,210914.14415920957,143116.3866021144,183681772.79126647,1.0,3.1149912624611438,2.435485669010626,2.113686095153857,1.6526056607513404,2712.796335205784,2121.025723878944
2019-12-08,USA0006065,10886.599106,Coal,121985,25660.36,61983.742,5.953125,216903800.0,127560.86554913963,25687.213672804155,66454.80145586519,235284229.30833727,1.0,0.12269535214625879,0.2013722120983006,0.31742233199351083,0.5209654322254904,1123.8385656444818,1844.4859894565384
2019-09-29,USA0006146,12594.663938000003,Coal,304606,1804694.2,392937.6,7.0,645217200.0,290042.4339201746,1755603.759418752,370639.118522022,604249312.4565113,1.0,7.2484185317827485,6.0529203802707325,1.5302698236349828,1.2778789417552232,2494.7838546876023,2083.313480339958
2019-01-06,USA0000117,2725.1920000000005,Gas,27022,124.872,2782.382,5.0,24735200.0,25854.313296446893,-427.890787263781,6415.876443975604,32808466.72972091,1.0,-0.008164680117113441,-0.016550073574090447,0.12242277794985872,0.24815497400417613,626.0257148654066,1268.9745944337153
2019-09-29,USA0000087,1106.7589940000003,Coal,28648,42893.3,100502.59,7.0,59154000.0,28668.72937962793,42874.14891918801,103425.13345349338,59414779.60716703,1.0,2.014400385164411,1.4955022370002378,4.859329780681823,3.607593907771425,2791.545906852314,2072.4594669126604
2019-08-25,USA0000087,1106.7589940000003,Coal,28998,32690.7,100737.96,7.0,57689000.0,29077.842208343816,32680.86760516415,97644.01702942581,58395453.96575989,1.0,1.5354789296327465,1.1239096550220102,4.587709621567477,3.3580214215966513,2743.653878289164,2008.2457820409884
2019-05-12,USA0002079,3253.038991,Coal,54252,49607.22,28144.035,4.9729166,104510390.0,54300.64570775311,49429.29418142685,31778.99964544476,96421937.5395021,1.0,0.7901298768767805,0.9102892523130581,0.5079889869549761,0.585241652861364,1541.3097617107871,1775.705174086629
2019-06-30,USA0006146,12594.663938000003,Coal,236308,1660901.2,355902.5,7.0,516406200.0,236301.14473399502,1677232.7552209813,352273.71469198464,525046243.6795491,1.0,6.92484560928592,7.097861320600235,1.4544439815273138,1.4907829375458181,2167.7755600100672,2221.936945208604
2019-05-12,USA0006065,10886.599106,Coal,219812,16124.0,113438.0,7.0,392737200.0,140266.09340252425,16117.961198004383,65107.170622677666,197232053.40426368,1.0,0.0769876776149773,0.11490988881931977,0.31098535359066604,0.4641689879808543,942.0817903884438,1406.1278005245583
2019-08-18,USA0006065,10886.599106,Coal,172566,6040.7,89940.8,7.0,314147400.0,173662.08740088827,5892.898408862829,88647.70328460686,376409352.6140122,1.0,0.028147515516758766,0.03393313127268495,0.4234270524629675,0.510460887643076,1797.9247830611387,2167.481447721484
2019-06-30,USA0006664,3520.888045,Coal,99403,306548.2,167822.4,7.0,201646000.0,98687.47678501598,236642.42779959366,128187.57535449155,183967206.39964935,1.0,3.4949723161614674,2.3978972358884323,1.893202462912609,1.2989244383432716,2717.011904529832,1864.1393254020418
2019-09-01,USA0006146,12594.663938000003,Coal,258118,1442729.2,354327.7,7.0,556369800.0,263526.8170116649,1703263.3821623744,370639.118522022,612403377.0870229,1.0,7.032319108191154,6.4633398660409584,1.5302698236349828,1.4064569318788371,2528.4498074175754,2323.874981800866
2019-06-23,USA0000117,2725.1920000000005,Gas,61143,272.333,6600.993,7.0,53942600.0,45349.8489308194,271.81163444821556,6415.876443975604,36254787.799863875,1.0,0.005186498782950782,0.00599366129891327,0.12242277794985872,0.14147514479624707,691.785740451653,799.4467160225844
2019-02-24,USA0006146,12594.663938000003,Coal,138137,1105150.9,219082.0,7.0,287263800.0,216859.79105688594,1702059.9381256597,362569.62023721024,541365298.6932213,1.0,7.0273504095250185,7.848665397262054,1.4969530227361378,1.6719080031858105,2235.152574981513,2496.3839356979374
2019-07-07,USA0000117,2725.1920000000005,Gas,46809,211.33,5904.767,7.0,41860400.0,47215.754859603905,535.2944444280462,6415.876443975604,33697612.85618488,1.0,0.010214073397492139,0.011337199755033988,0.12242277794985872,0.13588422896241348,642.9917116010957,713.6942521915569
2019-03-31,USA0000087,1106.7589940000003,Coal,29510,43488.3,97926.5,7.0,62233200.0,28877.431351462947,43464.5994165068,103425.13345349338,61460427.13227605,1.0,2.042142130229983,1.505140775420971,4.859329780681823,3.58152123001251,2887.6586756505308,2128.320430728422
2019-11-24,USA0000087,1106.7589940000003,Coal,31743,43319.9,115831.46,7.0,67577800.0,30027.95886911269,43207.714013729805,101056.55808086235,67649040.24369757,1.0,2.0300726182433437,1.4389161182105539,4.748044559559134,3.3654154956503217,3178.4246721669497,2252.8684196807867
2019-07-21,USA0006146,12594.663938000003,Coal,273670,1685370.6,377106.7,7.0,591051000.0,273781.08681890566,1696087.9850802706,371889.5999693254,581919770.7710829,1.0,7.002693812104957,6.195051691799877,1.5354327271931785,1.3583465691160554,2402.591147255453,2125.4929532659708
2019-05-19,USA0006065,10886.599106,Coal,184001,2482.0,93023.3,7.0,327179600.0,152315.28463454804,3914.4644062227935,63736.39969043231,197232053.40426368,1.0,0.018697496540623075,0.025699747833021595,0.3044378461659209,0.41845045192513575,942.0817903884438,1294.8933777557847
2019-01-20,USA0002079,3253.038991,Coal,87690,78526.9,52770.9,7.0,171716400.0,87729.19542941534,69402.84633761556,42968.93822468081,168216404.038303,1.0,1.1094081625030263,0.7911031897409262,0.6868607458641439,0.4897906337150044,2688.948098744678,1917.4506641138137
2019-03-10,USA0000117,2725.1920000000005,Gas,59376,263.713,6309.247,7.0,52232800.0,49056.905426326746,260.503421507038,6415.876443975604,30447530.90707751,1.0,0.00497072423461025,0.005310229400797812,0.12242277794985872,0.1307843694627439,580.9761687132615,620.6573904830454
2019-10-20,USA0002079,3253.038991,Coal,4429,5120.656,2559.911,0.9745833,7195590.0,27849.419441621612,28497.58318113385,33210.646088659,90958536.22240736,1.0,0.45553537154604623,1.0232738689892955,0.5308739309267837,1.192507662799782,1453.977003242499,3266.083747744762
2019-11-03,USA0006065,10886.599106,Coal,146194,39385.6,66168.8,7.0,258597200.0,146262.8581097382,39439.61702301842,69416.50511073573,258804881.3242862,1.0,0.18838390807159003,0.2696488878497618,0.33156895285772436,0.4746010436816014,1236.1853043202234,1769.4504583666064
2019-03-31,USA0006146,12594.663938000003,Coal,169014,1362096.6,257972.8,5.0,346634800.0,206106.73950905883,1710477.4853611533,365188.26593951235,582731228.8145322,1.0,7.062104211484357,8.298988618399711,1.5077647107009802,1.7718404881343608,2405.941440559592,2827.327384842357
2019-08-04,USA0006065,10886.599106,Coal,212338,16225.8,118208.5,6.0,390939000.0,212600.4979706437,18210.156353491897,89257.45329513193,376409352.6140122,1.0,0.08698107840305172,0.08565434477959874,0.4263395323144418,0.4198365203615693,1797.9247830611387,1770.5008041231754
2019-10-27,USA0000117,2725.1920000000005,Gas,23401,104.964,2180.365,5.0,20789800.0,32353.855224797335,1691.2476163854876,6415.876443975604,31128089.435682196,1.0,0.03227107523141318,0.05227344947409066,0.12242277794985872,0.1983033057234617,593.9620586936531,962.1137641681829
2019-10-13,USA0000087,1106.7589940000003,Coal,29262,36518.5,100807.69,7.0,59611200.0,29266.879104904125,36713.90866259994,99296.1852865642,59432097.68516258,1.0,1.7249674597676652,1.2544524659087395,4.665335147844606,3.392783526068742,2792.359579983186,2030.6947478798243
2019-11-10,USA0006146,12594.663938000003,Coal,286524,1594398.8,404394.4,7.0,603889000.0,282352.3772859632,1452628.8743215087,352211.97375125386,484618082.4259804,1.0,5.997516236762206,5.144737537840182,1.4541890696905386,1.247419898273205,2000.858491358261,1716.359136353808
2019-02-17,USA0006065,10886.599106,Coal,225184,20160.9,112315.4,7.0,395124400.0,185781.2569612989,20082.94251394869,90255.1033741383,326128615.11086935,1.0,0.09592646891440809,0.10809993883361589,0.4311048225215314,0.48581382670341083,1557.7581043118103,1755.4441198490058
2019-08-04,USA0002079,3253.038991,Coal,76634,50079.965,42435.49,6.9595833,142098990.0,76777.05351670385,50058.659451653446,44931.81512483405,141620051.17222705,1.0,0.8001903139457265,0.6520002677722262,0.7182374367339303,0.5852245308561959,2263.8039941513284,1844.5622055737756
2019-03-24,USA0000087,1106.7589940000003,Coal,30316,42567.7,108199.79,7.0,65871600.0,30325.93671115678,44403.901220159925,103425.13345349338,61038075.129399404,1.0,2.0862743162386406,1.4642219181254152,4.859329780681823,3.4104514046368672,2867.814875628441,2012.7350297787755
2019-08-25,USA0006664,3520.888045,Coal,71547,148552.4,112524.8,5.0,145003200.0,89785.11729878295,224582.36076369652,132124.71775946626,190319211.28302705,1.0,3.316857170819875,2.501331707529448,1.951350124082757,1.4715659090780877,2810.8246727048113,2119.71891343296
2019-07-21,USA0006065,10886.599106,Coal,244890,17163.5,131735.9,7.0,449996200.0,205347.98421380986,16151.088767685254,87057.98006113138,375552480.5648427,1.0,0.07714591193651632,0.07865228786891143,0.41583371621389364,0.4239534193356676,1793.8319211744308,1828.8588612285312
2019-05-26,USA0006146,12594.663938000003,Coal,133355,1462522.1,222042.2,7.0,300207400.0,175646.73310628804,1433254.3138128954,351980.699775914,395252011.55371314,1.0,5.917523856544091,8.15986889403516,1.4532342012814352,2.003912589498161,1631.8898782826006,2250.26679724545
2019-10-13,USA0006146,12594.663938000003,Coal,183891,1300014.1,290125.9,6.0,404925800.0,187167.050066541,1318127.5529030669,344239.7274527257,432934741.6035023,1.0,5.442196241866844,7.04251924916512,1.4212737962410675,1.8392111609941104,1787.471795532248,2313.0927235834874
2019-08-18,USA0002079,3253.038991,Coal,82421,71787.48,42682.3,7.0,149549200.0,61417.841225725846,59475.5105735501,40503.185052914254,141620051.17222705,1.0,0.9507191762475267,0.9683751396432643,0.6474455512456356,0.6594693698864305,2263.8039941513284,2305.845473333036
2019-03-24,USA0006146,12594.663938000003,Coal,284030,2301074.5,425821.7,7.0,584574600.0,268296.8074884206,1831420.0809027667,370639.118522022,593208301.1426189,1.0,7.561443852392836,6.826097179638668,1.5302698236349828,1.3814518405628748,2449.198470976795,2211.015131695971
2019-11-24,USA0006146,12594.663938000003,Coal,250651,1298992.5,339820.8,7.0,528791000.0,247851.87583141966,1452796.8053874068,352211.97375125386,484618082.4259804,1.0,5.998209579234042,5.861552592708838,1.4541890696905386,1.4210583340140477,2000.858491358261,1955.273006509747
2019-05-19,USA0000117,2725.1920000000005,Gas,8736,38.801,964.975,1.0,7686200.0,10335.958976294209,1366.2040468792463,6415.876443975604,33697612.85618488,1.0,0.026068845952035968,0.1321797087249157,0.12242277794985872,0.6207335438047484,642.9917116010957,3260.2309019870563
2019-03-17,USA0006146,12594.663938000003,Coal,374574,2976759.8,505968.8,7.0,751478000.0,284640.225463662,1764209.8972619574,370639.118522022,593208301.1426189,1.0,7.283950973938386,6.1980343585948345,1.5302698236349828,1.3021319032412684,2449.198470976795,2084.0634881324936
2019-10-27,USA0002079,3253.038991,Coal,61953,46538.8,34507.28,6.9875,117634856.0,61996.590696469386,46390.709142942906,35521.296959675485,111550157.40554695,1.0,0.7415579346288356,0.7482783911468343,0.567809807079907,0.572955650635453,1783.1351548925968,1799.2950282006325
2019-07-14,USA0000087,1106.7589940000003,Coal,29369,28837.3,93618.38,7.0,59947400.0,29360.450347175567,30061.076219368984,99202.54834585119,59734723.09751087,1.0,1.4123905673064598,1.0238629129972052,4.66093570682495,3.378781564070741,2806.5781420436006,2034.5302061505083
2019-07-07,USA0006065,10886.599106,Coal,241545,16450.3,131732.2,7.0,447399200.0,220566.66930215302,17814.89933742008,90815.9846115573,375552480.5648427,1.0,0.08509312747957123,0.08076877342249544,0.43378387996286893,0.41173938428180645,1793.8319211744308,1702.671041608628
2019-07-14,USA0006146,12594.663938000003,Coal,303747,1966080.8,408080.4,7.0,650780800.0,271365.02204606077,1746855.4934823855,371889.5999693254,600171747.1483874,1.0,7.212299280730838,6.437290555397663,1.5354327271931785,1.3704404391005185,2477.9486777375687,2211.67688681158
2019-03-31,USA0006065,10886.599106,Coal,130983,9349.6,55635.2,7.0,233907200.0,138387.14813680685,9376.554941240636,84767.12334754047,314103767.8364969,1.0,0.04478725194131468,0.06775596626914485,0.4048914055853087,0.6125360952141404,1500.3212452726318,2269.7466640903676
2019-12-22,USA0000117,2725.1920000000005,Gas,42324,194.556,6000.763,6.0,38539000.0,42299.95308993266,1766.8827027828631,6415.876443975604,38045386.58168931,1.0,0.03371428528511344,0.04177032298419686,0.12242277794985872,0.15167573425755349,725.9525575621255,899.4191199409172
2019-01-06,USA0002079,3253.038991,Coal,71584,59861.1,42260.1,6.0,138583000.0,71365.08453648898,64004.14940559904,45053.23518579288,159549040.84743476,1.0,1.023109707045977,0.896855231396436,0.7201783428181571,0.6313064081463695,2550.3998405860507,2235.6736754912313
2019-01-20,USA0006146,12594.663938000003,Coal,278218,2285562.5,426171.5,7.0,576417800.0,256436.3981244981,1820853.7391627675,351168.16434934153,550628242.7698052,1.0,7.517818252441559,7.100605656919091,1.4498794597504374,1.369416225300637,2273.396794466328,2147.231230811778
2019-12-29,USA0006664,3520.888045,Coal,6359,26744.8,10089.6,1.0,14378400.0,38655.947063845015,124193.25195250528,119736.85831620965,102428943.79893346,1.0,1.8342102955251094,3.2127851310274447,1.7683938122613332,3.0975016112902267,1512.7732008146088,2649.7590042163383
2019-07-07,USA0000087,1106.7589940000003,Coal,24363,35842.2,89046.95,6.0,50201800.0,24591.53415905562,35889.89787263819,99202.54834585119,50203933.21553499,1.0,1.6862521104365975,1.4594411898219064,4.66093570682495,4.034012180948894,2358.7832051607606,2041.512859296248
2019-08-25,USA0000117,2725.1920000000005,Gas,24763,115.085,4024.451,7.0,22795600.0,35208.25025199408,-4.187277878046858,6415.876443975604,39551209.40727675,1.0,-7.989838868543449e-05,-0.0001189288830906814,0.12242277794985872,0.18222650651638758,754.6855007567873,1123.3506102745534
